firstname,lastname,email,phone,salary
Julia,Quixley,jquixley0@oaic.gov.au,1724733386,35000
Gustavus,Blakes,gblakes1@ftc.gov,1827319126,75000
Andreas,Klagge,aklagge2@barnesandnoble.com,9919257937,50000
Claiborn,Arnull,carnull3@wikia.com,5611581443,35000
Neale,Cattemull,ncattemull4@slate.com,4484406921,25000
Alicea,Loudiane,aloudiane5@opensource.org,1104866187,45000
Thatcher,Cordery,tcordery6@adobe.com,9943646663,55000
Von,Keary,vkeary7@sina.com.cn,9037610752,35000
Harwilll,Bulger,hbulger8@toplist.cz,1978544897,50000
Raimondo,Grimsdike,rgrimsdike9@simplemachines.org,3103053544,75000
Kayne,Elger,kelgera@cdc.gov,7055719077,25000
Ettie,Branche,ebrancheb@yale.edu,8261253478,55000
Hayyim,Gilmore,hgilmorec@blinklist.com,7094540722,35000
Alissa,Guerrazzi,aguerrazzid@nps.gov,3779581113,25000
Josiah,Raspison,jraspisone@furl.net,4328198940,35000
Alvina,Patrone,apatronef@arstechnica.com,4788429363,55000
Sadella,Bishop,sbishopg@privacy.gov.au,4891475275,45000
Quinn,Banke,qbankeh@earthlink.net,9986428936,35000
Taite,Shoebottom,tshoebottomi@hao123.com,7752669774,25000
Kai,Swaden,kswadenj@prlog.org,7527544267,35000
Clementia,Osgood,cosgoodk@state.gov,8477458982,50000
Tiff,MacDougal,tmacdougall@tinypic.com,7614875792,55000
Amalita,Klimshuk,aklimshukm@cloudflare.com,1796937765,75000
Leesa,Asey,laseyn@360.cn,6642046405,45000
Dynah,Callington,dcallingtono@netvibes.com,3098597450,50000
Lissie,Mucillo,lmucillop@aol.com,4289894007,75000
Lancelot,Papes,lpapesq@arstechnica.com,5356058238,55000
Dorolice,Yandle,dyandler@bbb.org,9474695289,35000
Fayette,Prescote,fprescotes@msn.com,2911852917,25000
Titos,Puttock,tputtockt@japanpost.jp,8408588661,50000
Dag,Sutcliffe,dsutcliffeu@reddit.com,6213881588,55000
Penny,Mackiewicz,pmackiewiczv@washingtonpost.com,7712597847,50000
Vin,Darridon,vdarridonw@oakley.com,4415780386,45000
Had,Weakley,hweakleyx@wikia.com,3496436616,35000
Charlena,Tansey,ctanseyy@google.es,1217200233,50000
Ag,Hanretty,ahanrettyz@imgur.com,8099408657,25000
Loleta,Arnoult,larnoult10@wikimedia.org,1876380602,35000
Jacinta,Dodgshon,jdodgshon11@cocolog-nifty.com,2939661186,25000
Linda,Karlsson,lkarlsson12@nih.gov,4492057688,55000
Giulio,Bastow,gbastow13@mozilla.org,4575017156,35000
Venus,Wolfer,vwolfer14@blogtalkradio.com,7706426877,45000
Van,Grumble,vgrumble15@spotify.com,2473404709,50000
Lisetta,Tille,ltille16@tripadvisor.com,8497790866,35000
Zacharias,Samsin,zsamsin17@example.com,5645061777,50000
Perry,Schulter,pschulter18@gravatar.com,2065971731,45000
Marmaduke,Zorzin,mzorzin19@dailymotion.com,7372808352,35000
Collen,Catterick,ccatterick1a@ucoz.com,8712257700,50000
Oates,Powell,opowell1b@unblog.fr,2624798600,25000
Gibbie,Beirne,gbeirne1c@examiner.com,7236767996,35000
Jake,Guillotin,jguillotin1d@myspace.com,5405660237,45000
Shauna,Fadden,sfadden1e@apache.org,3817692849,75000
Rozina,Attac,rattac1f@godaddy.com,4487159157,45000
Matthaeus,Fey,mfey1g@theguardian.com,5999716820,25000
Paulette,Greger,pgreger1h@craigslist.org,9989540555,75000
Cristy,Frankham,cfrankham1i@newyorker.com,6524293437,55000
Marijo,Dumper,mdumper1j@plala.or.jp,1982896970,35000
Lucas,Benbough,lbenbough1k@addtoany.com,8817677842,35000
Goddard,Elphinstone,gelphinstone1l@opensource.org,5029665508,25000
Ervin,Duprey,eduprey1m@who.int,9623347985,45000
Augustine,Effemy,aeffemy1n@yellowbook.com,3938002401,35000
Hillary,Tzar,htzar1o@skyrock.com,9602954282,55000
Allegra,Rushmere,arushmere1p@tripod.com,9467808994,75000
Gianni,Dillingston,gdillingston1q@ebay.com,7437639634,25000
Lisle,Oiseau,loiseau1r@shareasale.com,8171674585,55000
Derrik,Welham,dwelham1s@berkeley.edu,1996017662,50000
Sergio,McKeady,smckeady1t@bbb.org,6768883669,45000
Nappie,Kinsey,nkinsey1u@ucoz.ru,4091581373,35000
Ardath,Howey,ahowey1v@xinhuanet.com,3696997836,50000
Melisent,Tomaszczyk,mtomaszczyk1w@addtoany.com,6068375439,50000
Ines,Bownass,ibownass1x@linkedin.com,4416976130,50000
Sandor,Jeff,sjeff1y@hp.com,2373643662,55000
Dinny,Housiaux,dhousiaux1z@cloudflare.com,5889085716,75000
Eamon,MacClure,emacclure20@live.com,9438175319,55000
Juliette,Noury,jnoury21@weibo.com,4441021890,35000
Corella,Flipsen,cflipsen22@liveinternet.ru,9513480695,75000
Reggy,Fursse,rfursse23@redcross.org,6387507431,55000
Lissi,Heaseman,lheaseman24@earthlink.net,5675795581,55000
Bronson,Peplaw,bpeplaw25@state.gov,4455422432,25000
Gaylord,Minnis,gminnis26@hostgator.com,9395702904,55000
Pepita,Rosebotham,prosebotham27@4shared.com,2835726280,35000
Shem,Gamblin,sgamblin28@samsung.com,1531174911,75000
Lauren,Burr,lburr29@fda.gov,1789528216,55000
Austina,Arton,aarton2a@creativecommons.org,6162712890,50000
Carine,Cicci,ccicci2b@pbs.org,4084567441,50000
Rock,Leyland,rleyland2c@apple.com,5852682802,25000
Bab,Yesson,byesson2d@unesco.org,8213907600,35000
Marshal,Quantick,mquantick2e@mapy.cz,5116568235,50000
Godfree,Pic,gpic2f@pinterest.com,4197527174,55000
Flin,Crownshaw,fcrownshaw2g@hibu.com,6076792136,50000
Debi,Keady,dkeady2h@google.ru,2535325206,35000
Lucky,Gronow,lgronow2i@nymag.com,2591957622,75000
Amelita,Mackro,amackro2j@nbcnews.com,4577559624,35000
Giacinta,Abad,gabad2k@ezinearticles.com,4726367416,75000
Ted,Castelluzzi,tcastelluzzi2l@biblegateway.com,9655218091,55000
Rufe,Parris,rparris2m@independent.co.uk,1863955095,45000
Rosetta,Nawton,rnawton2n@stanford.edu,4754098125,75000
Oswell,Beekman,obeekman2o@sourceforge.net,1018429197,25000
Godfree,Ciccoloi,gciccoloi2p@hud.gov,2025294942,75000
Daune,Glassopp,dglassopp2q@1und1.de,4266081093,35000
Chico,Chomicki,cchomicki2r@nymag.com,2582801236,50000
Verene,Ricciardiello,vricciardiello2s@booking.com,8054176119,75000
Daron,Brealey,dbrealey2t@samsung.com,6301710133,35000
Christian,Smees,csmees2u@disqus.com,2401973641,55000
Robinett,Macro,rmacro2v@vinaora.com,8331567514,50000
Erhart,Farfalameev,efarfalameev2w@europa.eu,8138039593,75000
Hedwig,Daltry,hdaltry2x@mysql.com,3737308130,45000
Cilka,Wasbrough,cwasbrough2y@google.de,6978760519,55000
Erna,Walby,ewalby2z@skyrock.com,3933983379,45000
Karoline,Squibe,ksquibe30@studiopress.com,9673346590,45000
Saidee,Chaster,schaster31@youku.com,5914766209,25000
Ogden,Weaving,oweaving32@free.fr,2112008032,75000
Karin,Watting,kwatting33@woothemes.com,9398631430,75000
Mahmud,Muat,mmuat34@flavors.me,3561984214,75000
Mortie,Mandal,mmandal35@jiathis.com,4619097763,75000
Brandon,Matuskiewicz,bmatuskiewicz36@state.gov,4143297635,45000
Jerrilyn,Repp,jrepp37@google.ca,2422952234,50000
Laureen,Killelea,lkillelea38@jimdo.com,5248717903,50000
Haley,Gaenor,hgaenor39@wikispaces.com,8294707650,35000
Dorolice,Aleso,daleso3a@tripod.com,2835364103,75000
Lacee,Giorgini,lgiorgini3b@illinois.edu,8047034399,50000
Tilly,Boole,tboole3c@odnoklassniki.ru,7232845157,55000
Melinda,Blackbrough,mblackbrough3d@tuttocitta.it,2292515620,50000
Stella,Forman,sforman3e@naver.com,2141866471,45000
Jolynn,Town,jtown3f@altervista.org,6464549092,75000
Marcie,Murfill,mmurfill3g@dion.ne.jp,6462811965,45000
Augustine,Speechly,aspeechly3h@printfriendly.com,4312779492,50000
Skipton,L'Homme,slhomme3i@themeforest.net,2663986946,45000
Averil,Catcherside,acatcherside3j@friendfeed.com,3641741790,75000
Christian,Collins,ccollins3k@ebay.com,2445279620,45000
Ashlee,Sadler,asadler3l@list-manage.com,5033781189,55000
Tatiania,Everett,teverett3m@thetimes.co.uk,1324034990,55000
Desiri,Hover,dhover3n@rediff.com,9553641173,35000
Basia,Keoghane,bkeoghane3o@msu.edu,4102673380,45000
Nikolaos,Wetherell,nwetherell3p@china.com.cn,2088058106,45000
Lula,Altree,laltree3q@networkadvertising.org,1348082484,45000
Charissa,Buckthought,cbuckthought3r@mediafire.com,3967978414,75000
Jennilee,Boyen,jboyen3s@weibo.com,5947020779,25000
Gussy,Lorentzen,glorentzen3t@google.co.uk,7701595748,45000
Ariana,Frentz,afrentz3u@mayoclinic.com,2354137358,75000
Matilda,Henzley,mhenzley3v@newyorker.com,5624052002,50000
Sherye,Sisey,ssisey3w@privacy.gov.au,6764327713,55000
Sybila,Shadrack,sshadrack3x@amazonaws.com,8265946628,55000
Glenda,Symcock,gsymcock3y@w3.org,5309462151,25000
Ianthe,Oppy,ioppy3z@blogs.com,7285258608,35000
Moll,Wabey,mwabey40@studiopress.com,4592000704,55000
Codie,Newart,cnewart41@slate.com,5794210228,25000
Myrna,Jankovic,mjankovic42@psu.edu,5997278441,25000
Alex,Pevreal,apevreal43@smugmug.com,7703025402,45000
Hilliard,Faye,hfaye44@shop-pro.jp,4496810608,45000
Jefferey,Lemonnier,jlemonnier45@sakura.ne.jp,5697727586,50000
Murdoch,Littledyke,mlittledyke46@google.it,1039845627,45000
Teresa,Caulwell,tcaulwell47@noaa.gov,8393537152,45000
Tiffany,Humerstone,thumerstone48@tripod.com,3015137301,25000
Rania,Rawle,rrawle49@princeton.edu,7221598514,50000
Albie,Gorioli,agorioli4a@lulu.com,5388000779,50000
Morgun,Innman,minnman4b@dailymail.co.uk,2403318494,75000
Britt,Woolford,bwoolford4c@oracle.com,8933384791,35000
Marisa,Berthe,mberthe4d@networkadvertising.org,8995246326,55000
Hyatt,McMillan,hmcmillan4e@bloglines.com,1515936865,25000
Rhodia,Dencs,rdencs4f@hatena.ne.jp,7349515392,45000
Gerri,Spreckley,gspreckley4g@goo.gl,9026494467,45000
Ashlan,Duchatel,aduchatel4h@simplemachines.org,9472007610,25000
Jayme,Beachamp,jbeachamp4i@cargocollective.com,6128104886,50000
Nero,Sandwick,nsandwick4j@ovh.net,1588296870,50000
Danella,Janaway,djanaway4k@narod.ru,8421498152,50000
Freddie,Jirik,fjirik4l@tripod.com,8285910584,35000
Ulysses,Egleton,uegleton4m@google.com,1564586900,45000
Geordie,Elam,gelam4n@amazonaws.com,6415518904,55000
Zaccaria,Peaseman,zpeaseman4o@un.org,6227008349,55000
Esra,Joss,ejoss4p@godaddy.com,1288336741,50000
Luelle,Crown,lcrown4q@prlog.org,8819984265,55000
Pauline,Cackett,pcackett4r@cdc.gov,6024279941,55000
Art,Jobling,ajobling4s@cbsnews.com,2471958536,35000
Jada,Jirick,jjirick4t@i2i.jp,3092149505,35000
Cyrille,Pittaway,cpittaway4u@stumbleupon.com,1622565466,55000
Randell,Roughley,rroughley4v@usa.gov,3795838748,55000
Blanch,Twentyman,btwentyman4w@nydailynews.com,9873681962,45000
Vivie,Leeuwerink,vleeuwerink4x@github.io,1352690989,45000
Craig,Minchella,cminchella4y@discovery.com,5125066399,75000
Malvin,Van der Linde,mvanderlinde4z@fotki.com,6494128841,25000
Marissa,Martini,mmartini50@google.com,4377560468,45000
Ivy,Tilford,itilford51@scientificamerican.com,2094429367,50000
Burl,Cosens,bcosens52@wsj.com,2231866234,50000
Kellby,Averies,kaveries53@epa.gov,9487737645,25000
Annalise,Smails,asmails54@constantcontact.com,6188406208,25000
Chrissy,Kochs,ckochs55@t-online.de,6418292823,35000
Roxy,Treace,rtreace56@sohu.com,9784977236,45000
Andrei,Aspinal,aaspinal57@walmart.com,3491833602,35000
Ami,Launder,alaunder58@youku.com,1472824211,75000
Raynard,Borrowman,rborrowman59@typepad.com,2293890488,55000
Sherrie,Curnnok,scurnnok5a@acquirethisname.com,9145665382,55000
Noach,Amesbury,namesbury5b@dailymotion.com,3746246957,45000
Teador,Dooley,tdooley5c@economist.com,1877437080,45000
Mallissa,Cannam,mcannam5d@sitemeter.com,8117848923,45000
Jewell,Philo,jphilo5e@delicious.com,3132095358,75000
Delbert,Kluger,dkluger5f@istockphoto.com,9774567227,75000
Ilse,Noke,inoke5g@answers.com,9728820422,55000
Lelah,Venn,lvenn5h@indiegogo.com,6143123291,25000
Christan,Marple,cmarple5i@nasa.gov,9385720328,50000
Adrianne,Dudney,adudney5j@slashdot.org,3367304460,55000
Novelia,Leggate,nleggate5k@dropbox.com,2915928269,45000
Kandy,Cornehl,kcornehl5l@indiegogo.com,7656169288,50000
Shelba,O'Donnelly,sodonnelly5m@webmd.com,3432419330,55000
Mimi,Persich,mpersich5n@rambler.ru,9651389419,25000
Erastus,Reijmers,ereijmers5o@edublogs.org,2667835409,75000
Stacee,Gotcliff,sgotcliff5p@fotki.com,6224105855,75000
Sutherlan,Craigmyle,scraigmyle5q@elpais.com,7241699368,45000
Creighton,Macy,cmacy5r@mozilla.com,4462530068,75000
Blane,Siuda,bsiuda5s@qq.com,1635248189,75000
Muriel,Human,mhuman5t@github.io,4633738034,45000
Susie,Brayfield,sbrayfield5u@angelfire.com,7826754410,45000
Orella,Pariss,opariss5v@ftc.gov,4919766374,75000
Griffy,Newlan,gnewlan5w@nytimes.com,3404661346,25000
Roosevelt,Lannon,rlannon5x@senate.gov,7996163590,35000
Kile,Jickles,kjickles5y@ask.com,8814035947,55000
Krispin,Eich,keich5z@unicef.org,1932272471,75000
Selina,Elgie,selgie60@clickbank.net,2738472024,50000
Angie,Antunes,aantunes61@sun.com,5299938940,45000
Lorilyn,Sparkwill,lsparkwill62@webs.com,7271139439,45000
Galven,Doldon,gdoldon63@last.fm,5678648542,45000
Zorina,Chatainier,zchatainier64@altervista.org,5219241128,55000
Rickie,Pearsall,rpearsall65@state.tx.us,8395623891,35000
Randi,Speechly,rspeechly66@cnet.com,1027438038,55000
Marjie,Castaner,mcastaner67@cdc.gov,9894215763,50000
Jacki,Teck,jteck68@tmall.com,8113101769,55000
Nyssa,Stuer,nstuer69@wisc.edu,4857018734,55000
Juliana,Keddie,jkeddie6a@squarespace.com,3023493306,75000
Sidonnie,Ravilious,sravilious6b@slideshare.net,1984120806,25000
Daphne,Bithell,dbithell6c@gravatar.com,8616574810,35000
Daniela,Lyness,dlyness6d@sun.com,8204368728,45000
Heinrick,Woods,hwoods6e@dedecms.com,9042807308,45000
Malena,Burren,mburren6f@ibm.com,8589174400,45000
Christiane,Pannaman,cpannaman6g@opera.com,1354581018,45000
Wyatan,Wadie,wwadie6h@networkadvertising.org,4154900325,35000
Asa,Verney,averney6i@guardian.co.uk,7533658067,35000
Prisca,Rushsorth,prushsorth6j@moonfruit.com,1155248506,75000
Cristian,Davitashvili,cdavitashvili6k@berkeley.edu,9273253222,25000
Dru,Fairney,dfairney6l@theatlantic.com,7002311907,75000
Bud,Antoniak,bantoniak6m@scribd.com,9924033562,50000
Christye,Seath,cseath6n@tinypic.com,4494655245,35000
Alard,Sotheby,asotheby6o@cornell.edu,5467450001,55000
Fair,Tuiller,ftuiller6p@chicagotribune.com,5718043094,50000
Wanids,Edwards,wedwards6q@ucla.edu,7198770975,50000
Scotti,Binne,sbinne6r@livejournal.com,6848228511,55000
Beitris,Heugle,bheugle6s@state.tx.us,7501672969,25000
Lorenzo,Roseburgh,lroseburgh6t@elpais.com,2538248725,45000
Minny,Leckenby,mleckenby6u@mozilla.org,1618244153,25000
Aylmer,Banting,abanting6v@mlb.com,3277045795,55000
Hi,McSkeagan,hmcskeagan6w@wordpress.org,3419685848,45000
Michele,Blackshaw,mblackshaw6x@cocolog-nifty.com,7034441435,50000
Elladine,Penton,epenton6y@wufoo.com,9543231696,50000
Linoel,Worgan,lworgan6z@cnbc.com,6167041730,75000
Claudia,Lochhead,clochhead70@sina.com.cn,7358540124,55000
Fredia,Reiner,freiner71@mayoclinic.com,9155150439,45000
Nora,Goodspeed,ngoodspeed72@twitpic.com,1148251359,55000
Shannan,Heathwood,sheathwood73@mozilla.org,3562118022,25000
Allina,Colquhoun,acolquhoun74@bravesites.com,7619827646,25000
Andreana,Bhatia,abhatia75@ebay.com,6449486878,50000
Kerstin,Cumberpatch,kcumberpatch76@printfriendly.com,6504453340,25000
Nat,Cheverell,ncheverell77@themeforest.net,5468610287,55000
Barby,Laurenty,blaurenty78@yahoo.com,3617568354,35000
Yulma,Kubicka,ykubicka79@ihg.com,6774926250,75000
Eva,Callum,ecallum7a@cyberchimps.com,5097159207,75000
Daune,House,dhouse7b@dmoz.org,5269099051,50000
Bobette,Doret,bdoret7c@facebook.com,3038182281,55000
Emile,Runnalls,erunnalls7d@japanpost.jp,2572700015,50000
Linn,Brunon,lbrunon7e@miitbeian.gov.cn,1468762761,35000
Tomaso,Freeborne,tfreeborne7f@va.gov,1295154212,50000
Wilton,McConaghy,wmcconaghy7g@plala.or.jp,2478010592,50000
Alberta,Crosbie,acrosbie7h@google.es,5045772290,75000
Tabbitha,Woodford,twoodford7i@digg.com,5488090269,55000
Izaak,Fallow,ifallow7j@cisco.com,1923869730,75000
Ilene,Bucklan,ibucklan7k@unesco.org,4549379659,55000
Ally,Sapena,asapena7l@yahoo.co.jp,1763642962,75000
Brynne,Offord,bofford7m@edublogs.org,7259802429,50000
Valerie,Longfield,vlongfield7n@studiopress.com,2112973462,75000
Helyn,Flaonier,hflaonier7o@tripod.com,4566879681,75000
Alexandros,Headech,aheadech7p@time.com,2997063161,25000
Veradis,Nutkins,vnutkins7q@w3.org,9511998400,55000
Tallie,Tinghill,ttinghill7r@nasa.gov,6425579203,50000
Davin,Huband,dhuband7s@comsenz.com,8521566301,55000
Randolph,Donne,rdonne7t@technorati.com,1013455562,45000
Therine,Pulfer,tpulfer7u@youku.com,2657123696,50000
Amil,Elcoat,aelcoat7v@apache.org,9903408686,75000
Aaren,D'Elia,adelia7w@fotki.com,1762185857,25000
Isidor,Hayzer,ihayzer7x@apple.com,1915076696,45000
Siffre,Slyde,sslyde7y@cdc.gov,1673810268,50000
Mackenzie,Bartell,mbartell7z@hugedomains.com,5189883700,55000
Valentine,Upstell,vupstell80@cnn.com,7767038052,45000
Pauli,Sidle,psidle81@dyndns.org,8944380435,35000
Tan,Raubheim,traubheim82@ocn.ne.jp,3404094831,35000
Dwain,Cockson,dcockson83@reference.com,5819506861,50000
Ilyssa,MacKay,imackay84@marketwatch.com,3122258097,75000
Edward,Sickamore,esickamore85@redcross.org,1968137667,35000
Sanderson,Fludgate,sfludgate86@alexa.com,4344245943,25000
Hillary,Claybourne,hclaybourne87@toplist.cz,4372375434,45000
Laetitia,Pee,lpee88@seesaa.net,6461204031,50000
Jacques,Hemeret,jhemeret89@cafepress.com,5008871405,75000
Tammy,Whapple,twhapple8a@businessinsider.com,1784354189,45000
Ramsey,Bottinelli,rbottinelli8b@cmu.edu,1172897965,25000
Augie,Mollen,amollen8c@google.pl,7644056518,55000
Trixi,Cerith,tcerith8d@cargocollective.com,8712906481,50000
Celestyn,Baldry,cbaldry8e@soup.io,1497736081,50000
Dona,Tink,dtink8f@constantcontact.com,6273011884,75000
Rozamond,Knoton,rknoton8g@time.com,2262190247,35000
Arielle,Willingam,awillingam8h@omniture.com,6727530627,25000
Laurent,Tummons,ltummons8i@last.fm,3615431543,50000
Fanny,Astlett,fastlett8j@thetimes.co.uk,2366110370,25000
Bjorn,Mauchline,bmauchline8k@ucoz.ru,6484391751,45000
Aleen,Yoskowitz,ayoskowitz8l@marketwatch.com,8469103728,45000
Oralia,Oakman,ooakman8m@reverbnation.com,5725469378,35000
Isak,Goldstein,igoldstein8n@scribd.com,2407393597,50000
Bryna,Hrishchenko,bhrishchenko8o@google.it,3927402217,45000
Humfrid,Geharke,hgeharke8p@rediff.com,4846182993,25000
Jemie,Faherty,jfaherty8q@aboutads.info,5428098888,55000
Francene,Denniss,fdenniss8r@paypal.com,5714077918,75000
Aaron,Lunbech,alunbech8s@salon.com,1075055926,45000
Madeleine,Deaville,mdeaville8t@google.com,2115993389,55000
Rivi,O'Cannovane,rocannovane8u@list-manage.com,4663369815,45000
Harry,Sparkwill,hsparkwill8v@jiathis.com,6589560936,75000
Veronica,McGirl,vmcgirl8w@bbb.org,3219722363,35000
Jamie,Folbigg,jfolbigg8x@wikia.com,6008359115,55000
Joye,Wabe,jwabe8y@biblegateway.com,9261977374,50000
Neila,Ayars,nayars8z@google.co.jp,9659376492,55000
Mab,Francomb,mfrancomb90@yolasite.com,6906916558,50000
Bartholomew,Peek,bpeek91@chicagotribune.com,5305631467,45000
Durand,McManus,dmcmanus92@icq.com,3315686606,75000
Jaclyn,Desesquelle,jdesesquelle93@theglobeandmail.com,9846184299,25000
Chloe,Ameer-Beg,cameerbeg94@nature.com,9948345022,45000
Norris,Aitchinson,naitchinson95@sphinn.com,9195305195,75000
Page,Gaskall,pgaskall96@biglobe.ne.jp,1235721354,75000
Brant,Norewood,bnorewood97@mozilla.com,4138238772,35000
Link,Bootherstone,lbootherstone98@craigslist.org,1233415231,75000
Meade,Amerighi,mamerighi99@ow.ly,3289414306,50000
Valentino,Cartmail,vcartmail9a@usnews.com,7331357475,25000
Jude,Briatt,jbriatt9b@g.co,2078448592,25000
Gracia,Bignell,gbignell9c@pen.io,3269976831,35000
Chrisse,Olrenshaw,colrenshaw9d@foxnews.com,4056078548,75000
Isiahi,Judge,ijudge9e@cam.ac.uk,9456817305,75000
Sinclair,Hollows,shollows9f@lulu.com,5263013900,50000
Melicent,Morrissey,mmorrissey9g@imdb.com,2466925699,25000
Kaycee,Shinn,kshinn9h@com.com,5702445436,50000
Olag,Vesco,ovesco9i@opera.com,3861404470,75000
Dore,Reggio,dreggio9j@networkadvertising.org,8136170752,50000
Carmelle,MacGiolla,cmacgiolla9k@cbsnews.com,8802586651,55000
Shadow,Mc Kellen,smckellen9l@chron.com,3758673265,55000
Dolph,Chisnall,dchisnall9m@taobao.com,1536668494,45000
Rowena,Fellibrand,rfellibrand9n@nytimes.com,1756201885,55000
Tessy,Theyer,ttheyer9o@shutterfly.com,9418471508,55000
Nealy,Jaukovic,njaukovic9p@sfgate.com,9563797928,75000
Cirillo,Kissack,ckissack9q@wired.com,5207646763,50000
Pammy,MacKeller,pmackeller9r@booking.com,9524391654,50000
Saree,Gowar,sgowar9s@cnn.com,2707903086,75000
Merrile,Beeken,mbeeken9t@fotki.com,3964534610,45000
Franciskus,Yakobowitch,fyakobowitch9u@timesonline.co.uk,6688792288,75000
Borden,Woloschin,bwoloschin9v@wired.com,1486169426,35000
Wilton,Linebarger,wlinebarger9w@usnews.com,3995391796,35000
Keri,Longbottom,klongbottom9x@goodreads.com,8506037759,25000
Whitby,Melloy,wmelloy9y@gizmodo.com,9097592348,35000
Lynn,Lathleiffure,llathleiffure9z@themeforest.net,4349712402,25000
Jacques,Calton,jcaltona0@latimes.com,9899826583,25000
Jana,Branwhite,jbranwhitea1@ft.com,9507101237,45000
Lon,Pietzner,lpietznera2@mail.ru,9788268166,45000
Nat,Juris,njurisa3@samsung.com,5047094448,45000
Lethia,Shubotham,lshubothama4@fotki.com,8398880717,55000
Tabbi,Myott,tmyotta5@soup.io,3614770343,55000
Wright,Garnam,wgarnama6@is.gd,7978313642,45000
Lisa,Gemmill,lgemmilla7@mapy.cz,3249412796,35000
Sauncho,Filippozzi,sfilippozzia8@senate.gov,6905396233,75000
Sayer,Extence,sextencea9@narod.ru,8811364944,55000
Donetta,Cookney,dcookneyaa@google.cn,3521648038,50000
Lorinda,Goodhall,lgoodhallab@state.gov,6502527447,35000
Adora,Martine,amartineac@cbc.ca,6308863071,25000
Bearnard,Thornborrow,bthornborrowad@tripadvisor.com,9471095403,45000
Glenn,Rogger,groggerae@disqus.com,8947662617,35000
Nathan,Ranklin,nranklinaf@archive.org,2575305174,45000
Corly,Daniellot,cdaniellotag@spiegel.de,3266117038,50000
Damien,Lammertz,dlammertzah@boston.com,5717238603,55000
Aldin,Fullegar,afullegarai@w3.org,2022312661,55000
Cristobal,Wolsey,cwolseyaj@archive.org,9868078957,55000
Colver,Simla,csimlaak@ted.com,4609460014,45000
Anitra,Dreschler,adreschleral@gov.uk,8408321607,25000
Franz,Mattin,fmattinam@edublogs.org,5896812298,55000
Eugine,Vasyutochkin,evasyutochkinan@chron.com,4666213843,45000
Elfie,Prevett,eprevettao@wunderground.com,7391808691,25000
Wolfy,Winterbourne,wwinterbourneap@360.cn,5112143098,50000
Yasmin,Sawle,ysawleaq@reverbnation.com,1853436762,75000
Christophe,Aireton,cairetonar@ebay.co.uk,6733355610,50000
Liane,Arnefield,larnefieldas@e-recht24.de,6241522589,35000
Diane,Cowdery,dcowderyat@technorati.com,6055106408,75000
Rebeka,Roullier,rroullierau@sphinn.com,7235462317,50000
Edna,Strike,estrikeav@zdnet.com,2692476519,45000
Grady,Cobain,gcobainaw@canalblog.com,8325614779,25000
Maurine,Sleith,msleithax@unicef.org,8503629920,50000
Dierdre,Mapstone,dmapstoneay@paginegialle.it,6151349471,25000
Aviva,Gullen,agullenaz@domainmarket.com,7073230477,50000
Hallie,Loble,hlobleb0@businesswire.com,6437346972,75000
Mic,Calcutt,mcalcuttb1@twitter.com,1074004455,75000
Hakim,Spikeings,hspikeingsb2@creativecommons.org,8651623420,35000
Duky,Peeke,dpeekeb3@wisc.edu,8334382274,45000
Sinclair,Abrahamsson,sabrahamssonb4@wix.com,6673338785,50000
Bill,Shafto,bshaftob5@example.com,1929998356,25000
Chrissie,Damper,cdamperb6@patch.com,8291249577,35000
Temp,Seymer,tseymerb7@washingtonpost.com,6762836601,55000
Roseann,Westell,rwestellb8@yale.edu,7993775636,45000
Andras,Brittain,abrittainb9@quantcast.com,5612450477,25000
Leona,Fairburn,lfairburnba@youtube.com,9143008993,55000
Eddi,Stuer,estuerbb@goo.ne.jp,1163953864,25000
Koressa,BURWIN,kburwinbc@51.la,1084688378,25000
Isaac,Dive,idivebd@hexun.com,3135943868,50000
Jessy,Zealey,jzealeybe@ameblo.jp,8703249625,45000
Babb,Lartice,blarticebf@princeton.edu,3735846263,35000
Aubrette,Bulman,abulmanbg@bbc.co.uk,5559665801,35000
Raimundo,Lowrie,rlowriebh@wikispaces.com,9528456614,50000
Trip,Savery,tsaverybi@artisteer.com,1708319189,75000
Lisa,Truwert,ltruwertbj@clickbank.net,2493969420,50000
Tarrah,Ryde,trydebk@scribd.com,2914941422,75000
Shaylynn,Cobbing,scobbingbl@spiegel.de,8603088226,25000
Jeramie,Vaskin,jvaskinbm@unblog.fr,8719744028,50000
Nikolaus,Gumbley,ngumbleybn@livejournal.com,2827623447,45000
Aldis,Gonneau,agonneaubo@imgur.com,6605989115,35000
Scott,Wherry,swherrybp@shop-pro.jp,2955791637,45000
Jarrad,Tindley,jtindleybq@aboutads.info,5817623292,55000
Hermine,Casaroli,hcasarolibr@fc2.com,2435326606,55000
Kirstin,Giuroni,kgiuronibs@ft.com,7808617473,45000
Carlotta,Conor,cconorbt@a8.net,9253151304,50000
Eugene,Lovewell,elovewellbu@ocn.ne.jp,4316858339,75000
Joey,Eastham,jeasthambv@elpais.com,1593957612,75000
Garret,Red,gredbw@ucoz.com,2403874023,35000
Nikoletta,Jeffery,njefferybx@spiegel.de,2703310759,50000
Duke,Joslow,djoslowby@opera.com,7236641901,45000
Vern,Kilpin,vkilpinbz@squidoo.com,6198327697,55000
Sena,Duerden,sduerdenc0@hostgator.com,7153884672,25000
Cortie,Ziem,cziemc1@privacy.gov.au,1274863694,50000
Cara,O'Rourke,corourkec2@answers.com,8137871642,55000
Iormina,Crier,icrierc3@statcounter.com,4878850582,55000
Ozzy,Farge,ofargec4@state.gov,5456933840,50000
Sharla,Trusler,struslerc5@unesco.org,3224614708,45000
Angie,Shilliday,ashillidayc6@tripod.com,6819109072,25000
Clayborne,Nelsen,cnelsenc7@microsoft.com,3738699751,50000
Kata,Basek,kbasekc8@apple.com,1157833398,55000
Kristo,Lyster,klysterc9@bravesites.com,9529329586,50000
Dud,Huskinson,dhuskinsonca@1688.com,6897815216,25000
Vivianna,Peachment,vpeachmentcb@aboutads.info,1997908512,45000
Chelsie,Asple,casplecc@dion.ne.jp,2255909035,50000
Wilburt,Bessey,wbesseycd@house.gov,4467678880,25000
Grissel,Bernet,gbernetce@theguardian.com,4571108532,25000
Clarita,Tunny,ctunnycf@nature.com,6632942705,25000
Mendy,Upham,muphamcg@pcworld.com,4886544818,50000
Benedetta,Stedman,bstedmanch@ow.ly,7335039370,35000
Arte,Signore,asignoreci@va.gov,4761855281,25000
Connie,Lyttle,clyttlecj@issuu.com,6602694156,45000
Barbara,Skerm,bskermck@digg.com,8591659898,45000
Marketa,Ratcliff,mratcliffcl@edublogs.org,8999356128,55000
Aggy,Jorger,ajorgercm@jugem.jp,4904294539,75000
Homere,Sidnall,hsidnallcn@spotify.com,5636881183,50000
Koren,Stoop,kstoopco@ihg.com,1925773439,45000
Dorie,Gourley,dgourleycp@gov.uk,6265801807,50000
Maia,Rocks,mrockscq@about.me,4139825877,50000
Ignace,Clack,iclackcr@artisteer.com,7605690920,50000
Aristotle,Line,alinecs@devhub.com,4464933475,55000
Othilia,Lindeboom,olindeboomct@biblegateway.com,4135679697,25000
Sanford,Awton,sawtoncu@go.com,4778219575,75000
Paige,Aldington,paldingtoncv@businesswire.com,5316141886,50000
Rollin,Ealam,realamcw@state.tx.us,6006233872,50000
Ilene,MacTrustam,imactrustamcx@noaa.gov,9458675567,25000
Legra,Paddell,lpaddellcy@imgur.com,6337506494,75000
Kristofer,Spikins,kspikinscz@phpbb.com,6932344113,25000
Franciskus,de Courcy,fdecourcyd0@wsj.com,7274892684,75000
Daisi,Scinelli,dscinellid1@intel.com,9123884734,75000
Tracie,Sire,tsired2@uol.com.br,7476329873,25000
Darnell,Cowwell,dcowwelld3@acquirethisname.com,8777029978,45000
Anstice,Rottery,arotteryd4@bing.com,3133982956,35000
Nissie,Casserly,ncasserlyd5@google.com.br,2134977533,75000
Ennis,Daddow,edaddowd6@java.com,5752652028,35000
Logan,Sergeaunt,lsergeauntd7@msn.com,2052275685,45000
Timmy,Bartell,tbartelld8@sbwire.com,5882704865,55000
Chicky,Dopson,cdopsond9@a8.net,2179462368,45000
Amble,Courvert,acourvertda@list-manage.com,1428754895,25000
Klarrisa,Pretorius,kpretoriusdb@netscape.com,2319582522,50000
Sholom,Rihosek,srihosekdc@hatena.ne.jp,8022243180,45000
Abbey,Benedict,abenedictdd@apple.com,3137554695,55000
Arlene,Pagden,apagdende@youku.com,2053241122,75000
Karie,Olden,koldendf@discuz.net,5582500222,75000
Lonee,Landman,llandmandg@netscape.com,6467744106,55000
Erinn,Wharlton,ewharltondh@cloudflare.com,7439596730,35000
Augustina,Ormonde,aormondedi@zimbio.com,8771169506,75000
Beaufort,Ballinghall,bballinghalldj@multiply.com,6486485959,35000
Taber,Colliard,tcolliarddk@a8.net,3656998467,45000
Rosalind,Habens,rhabensdl@npr.org,6329884193,35000
Allister,Shevell,ashevelldm@cmu.edu,5597030604,50000
Ardelis,Fromont,afromontdn@goo.ne.jp,8522912871,55000
Gerhardine,Staniland,gstanilanddo@ucsd.edu,7415776074,75000
Florencia,Pittwood,fpittwooddp@mapquest.com,9094474635,55000
Amelina,Scotchmoor,ascotchmoordq@cam.ac.uk,2729065697,50000
Geoff,Blitz,gblitzdr@pen.io,9712293692,35000
Garey,Auchterlonie,gauchterlonieds@unesco.org,9796340656,35000
Helenelizabeth,Iacobacci,hiacobaccidt@hatena.ne.jp,6455417173,75000
Izaak,Anthill,ianthilldu@123-reg.co.uk,8295172293,50000
Joelie,Darrigrand,jdarrigranddv@indiatimes.com,8268870222,45000
Laurens,Elcott,lelcottdw@reference.com,3991066524,75000
Kamillah,Payfoot,kpayfootdx@soundcloud.com,3627957266,35000
Marcy,Brassill,mbrassilldy@deviantart.com,1834111940,75000
Jori,Napoleone,jnapoleonedz@nationalgeographic.com,1247584306,35000
Charmion,Tomasello,ctomaselloe0@skype.com,8365814337,55000
Otto,Copper,ocoppere1@desdev.cn,2341759681,50000
Raimund,Rosenbaum,rrosenbaume2@theglobeandmail.com,6466254337,35000
Inness,Lemerle,ilemerlee3@ox.ac.uk,1041872584,35000
Gabriele,Helian,gheliane4@friendfeed.com,2476250952,50000
Yovonnda,Corran,ycorrane5@histats.com,5427331544,75000
Verge,Tomkinson,vtomkinsone6@mac.com,3615682837,55000
Anabal,Emslie,aemsliee7@jugem.jp,9298286421,75000
Kaylee,Prettjohn,kprettjohne8@163.com,2096789379,25000
Johnathon,Ghelerdini,jghelerdinie9@mtv.com,6631556160,75000
Karen,Tabourin,ktabourinea@about.me,6222919897,25000
Turner,Lynagh,tlynagheb@xinhuanet.com,3624514507,50000
Rufe,Adolf,radolfec@examiner.com,9554904447,75000
Abeu,Radcliffe,aradcliffeed@java.com,5355570580,35000
Quintus,Giraudoux,qgiraudouxee@senate.gov,8272143816,45000
Buddy,Capitano,bcapitanoef@unesco.org,9402664373,25000
Michael,Reddyhoff,mreddyhoffeg@tiny.cc,5704699862,50000
Bessie,Kettley,bkettleyeh@behance.net,2732632539,35000
Elvera,Swainger,eswaingerei@archive.org,1733863270,45000
Delinda,Craw,dcrawej@wiley.com,2509728715,45000
Sue,Sibborn,ssibbornek@scribd.com,5397174336,25000
Eleanore,Burfoot,eburfootel@booking.com,2275715598,55000
Hermia,Tingle,htingleem@squidoo.com,4835689122,35000
Dredi,Rimell,drimellen@blogger.com,5095111372,75000
Jodi,Rippingale,jrippingaleeo@google.fr,8986491155,35000
Fleming,Dunckley,fdunckleyep@technorati.com,4298939733,75000
Heath,Gabbetis,hgabbetiseq@shop-pro.jp,2871443954,55000
Silvan,Scamp,sscamper@usnews.com,2384403071,50000
Constance,Sighart,csighartes@howstuffworks.com,5844411962,25000
Mara,Kondrachenko,mkondrachenkoet@statcounter.com,9965166624,35000
Miguelita,Gobbet,mgobbeteu@people.com.cn,3971143173,75000
Mano,Pattullo,mpattulloev@baidu.com,7227014604,55000
Bear,Heller,bhellerew@furl.net,9581127674,45000
Gaven,Turone,gturoneex@reverbnation.com,1304287090,45000
North,Purnell,npurnelley@issuu.com,7286515140,50000
Becky,Saberton,bsabertonez@berkeley.edu,8811349477,75000
Kahaleel,O'Hallagan,kohallaganf0@tinypic.com,5973565645,45000
Ozzy,Magarrell,omagarrellf1@apple.com,8516797371,75000
Loise,Urvoy,lurvoyf2@wix.com,3212935981,35000
Risa,Duckett,rduckettf3@devhub.com,7513869199,35000
Alikee,Waything,awaythingf4@canalblog.com,5225223141,50000
Thorvald,Irce,tircef5@twitpic.com,2947630314,35000
Cecilius,Sloan,csloanf6@hp.com,9898192421,45000
Glyn,Hadlow,ghadlowf7@forbes.com,8848482497,55000
Leonardo,Orwin,lorwinf8@weebly.com,4827609167,35000
Clara,Drejer,cdrejerf9@fc2.com,8071491016,45000
Lawton,Lettice,lletticefa@latimes.com,6251975687,45000
Abram,Zukerman,azukermanfb@tuttocitta.it,3141375296,50000
Allie,Skelhorn,askelhornfc@webs.com,9275007005,35000
Auroora,Flemmich,aflemmichfd@seesaa.net,6287866431,25000
Katerine,Zorer,kzorerfe@cocolog-nifty.com,7108512427,75000
Bianca,Scyone,bscyoneff@wiley.com,7135628721,50000
Chantalle,Dumphrey,cdumphreyfg@nsw.gov.au,8269068958,55000
Fernandina,Mayoh,fmayohfh@hostgator.com,8126782926,25000
Winston,Davitt,wdavittfi@canalblog.com,2742335638,25000
Vikky,Sproul,vsproulfj@bbb.org,1249759662,45000
Rhetta,Wenban,rwenbanfk@un.org,3366349993,25000
Tera,Dibley,tdibleyfl@admin.ch,7582375041,35000
Northrop,Mustin,nmustinfm@vimeo.com,1106805405,45000
King,Biasini,kbiasinifn@hc360.com,1286533414,45000
Esme,Buterton,ebutertonfo@auda.org.au,3687456777,50000
Boyce,Granger,bgrangerfp@sohu.com,8275827883,45000
Emilio,Farnworth,efarnworthfq@issuu.com,4455855398,55000
Lyndy,Golston,lgolstonfr@bizjournals.com,1206947108,75000
Wilek,Lawlee,wlawleefs@unc.edu,7871833206,75000
Marylee,Horley,mhorleyft@csmonitor.com,5667245177,55000
Tades,Fromant,tfromantfu@reference.com,4199449979,45000
Carolina,Grizard,cgrizardfv@hostgator.com,2491264955,50000
Bevan,Dy,bdyfw@blogspot.com,6138130593,75000
Adria,Pacitti,apacittifx@senate.gov,1876903036,25000
Gerhardt,Sheilds,gsheildsfy@disqus.com,3178026081,45000
Linda,Pear,lpearfz@ucsd.edu,4952607823,55000
Alvina,Bowgen,abowgeng0@disqus.com,3508914586,50000
Buck,Shrieve,bshrieveg1@sogou.com,1231781247,55000
Hermia,Bushby,hbushbyg2@constantcontact.com,3431272023,35000
Grant,Viggars,gviggarsg3@blogtalkradio.com,8311655929,35000
Christian,Klimmek,cklimmekg4@google.es,3758022633,45000
Benedikta,Gillyett,bgillyettg5@sfgate.com,8759772780,75000
Jose,Huscroft,jhuscroftg6@phpbb.com,3281902096,35000
Hinze,Brosel,hbroselg7@time.com,4873170944,35000
Niki,Dyers,ndyersg8@drupal.org,3342275786,35000
Emlyn,Pugsley,epugsleyg9@independent.co.uk,3822840656,75000
Philomena,Littlepage,plittlepagega@clickbank.net,3934753646,55000
Berke,Gardiner,bgardinergb@tinypic.com,6699198220,45000
Cherianne,Le Page,clepagegc@blog.com,5462363438,35000
Nancey,Binley,nbinleygd@zimbio.com,8396709112,35000
Lyndsey,Devon,ldevonge@wordpress.com,9592248666,75000
Guillema,Scriver,gscrivergf@cocolog-nifty.com,1481607833,75000
Lay,Bucknill,lbucknillgg@arizona.edu,2614572366,25000
Carlota,Castana,ccastanagh@oracle.com,4429154370,35000
Billi,Ianiello,bianiellogi@archive.org,3036177117,45000
Ryan,MacCumeskey,rmaccumeskeygj@simplemachines.org,5079433936,50000
Liva,Blazy,lblazygk@shop-pro.jp,1352591455,75000
Rowland,Breckin,rbreckingl@shutterfly.com,5969348903,45000
Shari,O'Calleran,socallerangm@tripadvisor.com,1376272203,25000
Theresita,Kalinke,tkalinkegn@is.gd,9098653709,50000
Wally,Elliston,wellistongo@wired.com,7698354120,35000
Innis,Guidelli,iguidelligp@infoseek.co.jp,6986986435,50000
Orel,Rodda,oroddagq@blog.com,4733195302,75000
Morie,Glassman,mglassmangr@illinois.edu,3224308802,55000
Vernon,Matzel,vmatzelgs@networkadvertising.org,5436339359,50000
Jayne,Poleye,jpoleyegt@admin.ch,2455872985,35000
Winonah,Fitzhenry,wfitzhenrygu@squarespace.com,4057207630,75000
Erminie,Meins,emeinsgv@reverbnation.com,4091422027,55000
Shannon,Gemlbett,sgemlbettgw@e-recht24.de,7148736740,55000
Hazel,Tiner,htinergx@about.com,2632691663,75000
Darryl,Carne,dcarnegy@comcast.net,3293441684,25000
Shurwood,Fliege,sfliegegz@globo.com,2133694665,25000
Marissa,Rubinowitsch,mrubinowitschh0@nytimes.com,4642693428,55000
Anna,Torri,atorrih1@mapy.cz,9203186659,35000
Jerome,Dulany,jdulanyh2@indiegogo.com,4134491874,55000
Kale,MacUchadair,kmacuchadairh3@lycos.com,8442285856,75000
Diane,Cocklin,dcocklinh4@psu.edu,5812664516,50000
Trefor,Guilloud,tguilloudh5@bing.com,8854281641,25000
Conny,Debenham,cdebenhamh6@topsy.com,8569796998,50000
Nanci,Gaisford,ngaisfordh7@php.net,4988167981,50000
Lalo,Lavin,llavinh8@ucsd.edu,4048126808,25000
Meaghan,Olle,molleh9@hud.gov,2426131746,50000
Krystalle,Nacci,knacciha@rakuten.co.jp,8991057145,55000
Ray,De Mitri,rdemitrihb@pagesperso-orange.fr,5454288534,35000
Rivi,Florio,rfloriohc@chronoengine.com,5313386325,45000
Vida,Baunton,vbauntonhd@nature.com,2491594009,55000
Mel,Lawty,mlawtyhe@nymag.com,2446102850,50000
Wyatt,Beckinsall,wbeckinsallhf@wufoo.com,2418784794,50000
Lorrie,Caplin,lcaplinhg@wp.com,8253278503,45000
Berti,Bowstead,bbowsteadhh@engadget.com,8835247719,25000
Thibaud,Hew,thewhi@meetup.com,8455777625,55000
Dell,McCreary,dmccrearyhj@fda.gov,2212953970,75000
Allina,Edmund,aedmundhk@prnewswire.com,4158721505,45000
Gram,Fidler,gfidlerhl@google.com.hk,4947698403,55000
Minnaminnie,Bembrigg,mbembrigghm@cdc.gov,2327860091,50000
Coral,Greguoli,cgreguolihn@hhs.gov,9553592937,25000
Joelie,Swindlehurst,jswindlehurstho@topsy.com,6097440756,75000
Ginevra,Boomes,gboomeshp@topsy.com,4991981080,35000
Glynnis,Sheach,gsheachhq@unesco.org,4726229585,50000
Corney,Dyer,cdyerhr@bigcartel.com,5992006050,75000
Bond,Longridge,blongridgehs@mashable.com,9984820349,50000
Cornie,Braid,cbraidht@ow.ly,8265906553,45000
Gregoire,Wedon,gwedonhu@amazon.de,6752498696,35000
Rachelle,Juschka,rjuschkahv@macromedia.com,8422081808,25000
Jens,Jackson,jjacksonhw@china.com.cn,7363922022,45000
Audra,Dewar,adewarhx@list-manage.com,3239444951,25000
Cathie,Casterton,ccastertonhy@weibo.com,2309585050,50000
Lydie,Aleksankin,laleksankinhz@rakuten.co.jp,8516513249,25000
Rici,Fearick,rfearicki0@ocn.ne.jp,7973375174,25000
Thea,Kalkofen,tkalkofeni1@networkadvertising.org,7105769457,50000
Kimble,Bonnesen,kbonneseni2@usatoday.com,9957150197,75000
Tiffanie,Saldler,tsaldleri3@dmoz.org,4825634910,45000
Shelbi,Fearneley,sfearneleyi4@abc.net.au,7697263925,55000
Sheridan,McLae,smclaei5@fc2.com,4614023314,35000
Karrie,Horlock,khorlocki6@ovh.net,8371387277,45000
Cammy,Barnicott,cbarnicotti7@icio.us,8297970935,45000
Allyn,Blamphin,ablamphini8@amazonaws.com,5164257209,50000
Susanna,Rigbye,srigbyei9@theguardian.com,1425709386,35000
Leigh,Bromont,lbromontia@phoca.cz,6471452060,50000
Antonino,McCreary,amccrearyib@gmpg.org,3862641274,35000
Ulberto,MacAdam,umacadamic@wunderground.com,3084356303,35000
Hanny,Ratnege,hratnegeid@prnewswire.com,3599991842,55000
Ava,Ondrus,aondrusie@npr.org,8021759654,50000
Neilla,Dalgliesh,ndalglieshif@slideshare.net,5666466615,45000
Shelden,Erasmus,serasmusig@wufoo.com,2781579316,75000
Emalia,Jentin,ejentinih@usnews.com,8937222130,45000
Gabriello,Surmeir,gsurmeirii@dmoz.org,9965851192,75000
Mufi,Cubberley,mcubberleyij@shop-pro.jp,2608018534,45000
Christye,Le Borgne,cleborgneik@wikipedia.org,9216697784,45000
Ced,Goss,cgossil@issuu.com,8414553692,25000
Riva,Succamore,rsuccamoreim@pcworld.com,5518322982,35000
Maddalena,Griggs,mgriggsin@e-recht24.de,6181463615,35000
Guthrie,Espino,gespinoio@squarespace.com,8908775582,35000
Giorgio,Corton,gcortonip@drupal.org,7579712123,75000
Clarice,Hawket,chawketiq@pen.io,1548940019,55000
Shandy,Powers,spowersir@gmpg.org,1971869530,35000
Trip,Strainge,tstraingeis@w3.org,6929851779,25000
Kaylee,Malthouse,kmalthouseit@microsoft.com,8173159732,50000
Dun,Galbreth,dgalbrethiu@youtu.be,2779204866,50000
Prudence,Dobble,pdobbleiv@gnu.org,4344250704,55000
Minni,Wornum,mwornumiw@digg.com,2844334289,35000
West,Ham,whamix@wikia.com,7746773749,45000
Shaw,Sandhill,ssandhilliy@mozilla.org,7296961062,25000
Maurits,Carnoghan,mcarnoghaniz@addtoany.com,7064629467,50000
Lacey,Jowers,ljowersj0@1und1.de,4524184856,45000
Cory,Enrietto,cenriettoj1@bloomberg.com,5956930942,50000
Sally,Caunce,scauncej2@mysql.com,6594396158,55000
Flemming,Longhi,flonghij3@indiatimes.com,5645194211,45000
Lilli,Garrioch,lgarriochj4@netlog.com,8233259670,75000
Amabelle,Ware,awarej5@dyndns.org,4622264958,75000
Elly,Goakes,egoakesj6@theguardian.com,7851962109,45000
Petronilla,Candie,pcandiej7@gov.uk,8782784660,25000
Dore,Braney,dbraneyj8@skyrock.com,3547301752,75000
Garwood,Baguley,gbaguleyj9@go.com,3073074344,50000
Bertine,Kort,bkortja@europa.eu,9891330516,45000
Harmonie,Dory,hdoryjb@sun.com,1829574367,55000
Halimeda,Clemence,hclemencejc@sakura.ne.jp,9941473097,45000
Desdemona,Summerill,dsummerilljd@digg.com,6208465274,25000
Fanchon,Avrahamian,favrahamianje@jugem.jp,7675887994,75000
Merrill,O'Day,modayjf@edublogs.org,7044292604,35000
Helga,Proud,hproudjg@bbb.org,8971961055,35000
Jasun,Volcker,jvolckerjh@hubpages.com,4404977300,50000
Anetta,Burdekin,aburdekinji@php.net,7189045024,75000
Luelle,Habden,lhabdenjj@t.co,1184662286,45000
Janaya,Dollin,jdollinjk@soup.io,8705789942,45000
Gilles,Fessby,gfessbyjl@nhs.uk,7862543185,50000
Tremaine,Dederick,tdederickjm@jiathis.com,7825048953,35000
Wright,Puffett,wpuffettjn@youtube.com,5438114360,25000
Danni,Cattini,dcattinijo@macromedia.com,7594371630,45000
Joanna,Bewfield,jbewfieldjp@independent.co.uk,7034638025,25000
Innis,Haill,ihailljq@barnesandnoble.com,8487406420,55000
Julian,Busse,jbussejr@tmall.com,8701478621,45000
Marcus,Melville,mmelvillejs@pcworld.com,4856788658,55000
Hubert,Cudworth,hcudworthjt@tmall.com,9076662356,35000
Tandi,Bagwell,tbagwellju@blinklist.com,9166486887,55000
Clayton,Shafto,cshaftojv@berkeley.edu,1347351340,45000
Damien,Weatherby,dweatherbyjw@is.gd,4506593937,50000
Antoni,Decent,adecentjx@amazonaws.com,2094302818,45000
Hurley,Philipart,hphilipartjy@printfriendly.com,4814909995,55000
Maurene,Parton,mpartonjz@nyu.edu,7341912920,50000
Lynne,Flaws,lflawsk0@skyrock.com,5603043341,75000
Jarid,Vamplers,jvamplersk1@baidu.com,8665113586,75000
Willetta,Deyes,wdeyesk2@pcworld.com,9157052064,55000
Donny,Liddiatt,dliddiattk3@cnn.com,4133048502,50000
Rawley,Norquoy,rnorquoyk4@skype.com,8313870781,35000
Barrett,Lillicrap,blillicrapk5@usa.gov,8224198662,45000
Deck,Wathan,dwathank6@howstuffworks.com,7358880783,75000
Gae,Gepp,ggeppk7@boston.com,4483512628,55000
Ernesta,Pepis,epepisk8@blogs.com,5615986917,50000
Donny,Perkin,dperkink9@netlog.com,6763387411,55000
Erminia,Cowerd,ecowerdka@mysql.com,7539892198,35000
Ancell,Frangleton,afrangletonkb@nbcnews.com,6266263548,45000
Jacquelynn,Gorce,jgorcekc@mediafire.com,7527734792,50000
Laurice,Barratt,lbarrattkd@uol.com.br,6202029982,75000
Mac,McGreay,mmcgreayke@infoseek.co.jp,4301786915,50000
Flin,Thebeaud,fthebeaudkf@networksolutions.com,7758397161,25000
Josey,Tonkes,jtonkeskg@people.com.cn,1578668695,45000
Dottie,Filan,dfilankh@wikispaces.com,7195634000,55000
Stanley,Killwick,skillwickki@dedecms.com,1136493546,50000
Kellina,Witterick,kwitterickkj@oakley.com,8417157442,75000
Ev,MacAulay,emacaulaykk@aol.com,2487682729,50000
Lyman,Ipsly,lipslykl@1und1.de,3724510707,50000
Corbet,Englefield,cenglefieldkm@squarespace.com,4315923979,45000
Karena,Creebo,kcreebokn@phpbb.com,3271460574,50000
Paulette,Stanhope,pstanhopeko@google.com.au,5089216077,35000
Vannie,Bruyett,vbruyettkp@w3.org,7547674163,55000
Chalmers,Godthaab,cgodthaabkq@ed.gov,2055409212,45000
Ivar,Snead,isneadkr@china.com.cn,5412599299,50000
Gregory,Hourston,ghourstonks@furl.net,1166517533,45000
Fayth,Roddan,froddankt@time.com,7383535997,25000
Rozalin,Kynsey,rkynseyku@fda.gov,6982130344,25000
Nicolai,Coronas,ncoronaskv@ifeng.com,3603386511,45000
Marlie,Matson,mmatsonkw@comcast.net,9288615894,50000
Ricki,Alliband,rallibandkx@scientificamerican.com,9598105747,50000
Ardyth,Poulter,apoulterky@paginegialle.it,2097469612,45000
Kerry,Andrelli,kandrellikz@cpanel.net,1933390807,25000
Crissy,Allardyce,callardycel0@youtube.com,5083002692,45000
Carrie,Leicester,cleicesterl1@example.com,7701217223,45000
Larina,Yitzhakov,lyitzhakovl2@google.com.au,7882978762,45000
Dominga,Child,dchildl3@networksolutions.com,5034978951,55000
Linn,Rennebach,lrennebachl4@elpais.com,1624880606,25000
Davey,Crippen,dcrippenl5@cnet.com,5591029558,35000
Keith,Fontanet,kfontanetl6@yale.edu,2531243756,25000
Glynnis,Platfoot,gplatfootl7@exblog.jp,9697336983,75000
Biddie,Muzzall,bmuzzalll8@miibeian.gov.cn,5919567690,50000
Ronnie,Heinz,rheinzl9@google.cn,8105536378,50000
Natala,Giacobillo,ngiacobillola@1688.com,2645122781,25000
Gill,Ruffey,gruffeylb@wunderground.com,5332743289,25000
Carver,Du Fray,cdufraylc@fastcompany.com,4849811511,35000
Magdalene,Ewbanck,mewbanckld@slate.com,4595358306,55000
Bronny,Drews,bdrewsle@admin.ch,5745284171,35000
Charmian,Dunican,cdunicanlf@weibo.com,8014296989,25000
Brand,Samms,bsammslg@123-reg.co.uk,4429958061,35000
Cull,Perez,cperezlh@icio.us,4148731839,55000
Merl,Engeham,mengehamli@hao123.com,5674699497,25000
Ora,Eisak,oeisaklj@tripadvisor.com,8457019253,50000
Garwood,Guerin,gguerinlk@tripadvisor.com,4246247674,35000
Damaris,Gorries,dgorriesll@businesswire.com,2036096026,35000
Bryanty,Cheng,bchenglm@goodreads.com,5126586514,50000
Jordanna,Eslie,jeslieln@bravesites.com,3511496013,50000
Emmalynne,Lindmark,elindmarklo@google.ru,6042510243,55000
Myrtie,Whicher,mwhicherlp@illinois.edu,7477169600,55000
Fair,Game,fgamelq@vistaprint.com,6226765818,45000
Mohammed,Bracken,mbrackenlr@parallels.com,3482829015,50000
Olimpia,Chatain,ochatainls@exblog.jp,1994424621,35000
Donal,Martignon,dmartignonlt@phpbb.com,5112008546,45000
Tanhya,Torr,ttorrlu@drupal.org,9313642016,50000
Ardella,Soan,asoanlv@epa.gov,5954965737,45000
Ame,Rennix,arennixlw@msu.edu,3729921681,50000
Brittany,Klamp,bklamplx@dedecms.com,6444206245,45000
Vaclav,Byatt,vbyattly@theatlantic.com,1198861274,50000
Sher,Busfield,sbusfieldlz@domainmarket.com,3235199317,35000
Jilli,Hakonsen,jhakonsenm0@ovh.net,5217047031,55000
Marcy,Draude,mdraudem1@amazon.com,8493220986,45000
Doris,Von Der Empten,dvonderemptenm2@i2i.jp,6647940063,45000
Vonnie,Giraudeau,vgiraudeaum3@elegantthemes.com,2129904641,45000
Russell,Quillinane,rquillinanem4@businesswire.com,1508737833,45000
Derrek,Gordon-Giles,dgordongilesm5@booking.com,2298755138,45000
Barnaby,De Luna,bdelunam6@nymag.com,1238792976,50000
Mill,Stamp,mstampm7@loc.gov,5018131120,50000
Alard,Minty,amintym8@dailymail.co.uk,1844622759,75000
Vinni,Mapletoft,vmapletoftm9@archive.org,8886890707,45000
Alfons,Crocombe,acrocombema@epa.gov,2665771271,35000
Lindie,Cumbridge,lcumbridgemb@google.com.au,9111633201,35000
Renato,Chittie,rchittiemc@businesswire.com,5202818644,50000
Selle,Arpino,sarpinomd@google.ru,9741584972,35000
Marice,Antoniewski,mantoniewskime@istockphoto.com,5572771438,55000
Marylou,Mousdall,mmousdallmf@statcounter.com,9999673738,45000
Neile,Simacek,nsimacekmg@technorati.com,4939231880,75000
Stacy,MacDuff,smacduffmh@cocolog-nifty.com,6239721191,55000
Duffy,Balsillie,dbalsilliemi@sbwire.com,6438943102,50000
Kirsten,Witard,kwitardmj@engadget.com,3554949825,35000
Vivienne,Van Arsdall,vvanarsdallmk@webs.com,2542786832,45000
Gwyneth,Fleming,gflemingml@paypal.com,7684462073,50000
Isadore,Sexty,isextymm@cyberchimps.com,3944650027,45000
Avictor,Milazzo,amilazzomn@java.com,1412726278,35000
Lanny,Dines,ldinesmo@howstuffworks.com,3375016319,35000
Caresse,Wixey,cwixeymp@surveymonkey.com,3205386927,35000
Bethanne,Brecher,bbrechermq@addthis.com,4221802114,45000
Glen,Miranda,gmirandamr@washingtonpost.com,4736796876,50000
Dorian,Illes,dillesms@businessinsider.com,5634224115,45000
Issiah,Kosiada,ikosiadamt@cam.ac.uk,1977537304,75000
Giraldo,Ranking,grankingmu@eventbrite.com,2268707683,50000
Rosa,Habard,rhabardmv@symantec.com,8509995261,75000
Marvin,Prydie,mprydiemw@gravatar.com,6333078696,25000
Vincenty,Dofty,vdoftymx@time.com,6597446162,55000
Zola,Liddington,zliddingtonmy@digg.com,1321708654,45000
Woody,Heugel,wheugelmz@soup.io,2265742389,50000
Norrie,Tissington,ntissingtonn0@phoca.cz,6449590834,55000
Izak,Welland,iwellandn1@apache.org,7183889601,35000
Glen,Standbrook,gstandbrookn2@instagram.com,9173914821,55000
Amalia,Hinckesman,ahinckesmann3@desdev.cn,2617769058,75000
Vivyanne,Monroe,vmonroen4@sciencedaily.com,3674326064,45000
Myriam,Jaine,mjainen5@wunderground.com,6979697246,35000
Emmy,Wrightem,ewrightemn6@pinterest.com,9102252651,50000
Saul,Krystof,skrystofn7@hibu.com,5047930066,45000
Bernette,Cotgrave,bcotgraven8@phoca.cz,2252668561,55000
Jean,Forsard,jforsardn9@ucsd.edu,4722815290,50000
Khalil,Giddy,kgiddyna@army.mil,8027089734,25000
Ralina,Dunseith,rdunseithnb@sun.com,3247628693,35000
Mateo,Gluyas,mgluyasnc@youtu.be,5869518122,45000
Asia,Gooday,agoodaynd@wikispaces.com,9606422696,75000
Dunstan,Whapham,dwhaphamne@paypal.com,1497442199,25000
Gerri,Jerrems,gjerremsnf@weebly.com,4721060599,75000
Cary,Sumpton,csumptonng@theguardian.com,1895191361,25000
Devinne,Busfield,dbusfieldnh@arstechnica.com,8795726943,45000
Kylila,Steljes,ksteljesni@sphinn.com,3453923703,50000
Rickie,Thunder,rthundernj@1688.com,4703647860,35000
Natka,Webling,nweblingnk@gnu.org,5745021022,45000
Merle,Mattea,mmatteanl@gnu.org,3208060435,45000
Marja,Dowell,mdowellnm@example.com,2536987148,50000
Cassondra,Barthelmes,cbarthelmesnn@vistaprint.com,8503409500,50000
Darya,Biford,dbifordno@bigcartel.com,4382984393,35000
Godfree,Conkay,gconkaynp@twitpic.com,9057432278,50000
Prinz,Cooke,pcookenq@un.org,5738964602,45000
Alvira,Aimson,aaimsonnr@liveinternet.ru,5905709919,25000
Kalli,Taffurelli,ktaffurellins@prnewswire.com,7764553860,35000
Lorrayne,Celes,lcelesnt@people.com.cn,6436062102,25000
Leodora,Sawford,lsawfordnu@liveinternet.ru,7906044192,35000
Barbi,Dinan,bdinannv@hugedomains.com,7946326320,50000
Juline,Assiter,jassiternw@forbes.com,6367964560,55000
Bondon,Uphill,buphillnx@nytimes.com,5377061556,55000
Cordelia,Jeffree,cjeffreeny@altervista.org,1424845310,55000
Quillan,MacAughtrie,qmacaughtrienz@noaa.gov,1028099725,35000
Desiri,Brash,dbrasho0@who.int,7285343558,35000
Doris,Phittiplace,dphittiplaceo1@freewebs.com,5324852374,35000
Melesa,Mapstone,mmapstoneo2@disqus.com,4051453059,50000
Kimmi,Fuggles,kfuggleso3@webs.com,6706433079,75000
Mariska,Brunsden,mbrunsdeno4@ftc.gov,4457789730,25000
Katharyn,Kolodziejski,kkolodziejskio5@shinystat.com,9845227167,25000
Jori,Tribell,jtribello6@marketwatch.com,8126063588,55000
Jedediah,Bigham,jbighamo7@nifty.com,4528159090,35000
Moore,Dyter,mdytero8@dagondesign.com,4995893881,75000
Katleen,Heaphy,kheaphyo9@imdb.com,9896548115,75000
Allix,Knivett,aknivettoa@go.com,6643877415,50000
Biron,Yearby,byearbyob@buzzfeed.com,6939380914,45000
Marcella,Callar,mcallaroc@youtu.be,3829205354,25000
Alard,Ferri,aferriod@harvard.edu,2462803133,35000
Erv,Blasi,eblasioe@tripadvisor.com,7354778467,75000
Billy,Duffil,bduffilof@bigcartel.com,7757191994,35000
Caralie,Larcier,clarcierog@mapquest.com,1015319922,25000
Doralia,Hackly,dhacklyoh@miitbeian.gov.cn,1896895362,45000
Brook,Myatt,bmyattoi@hubpages.com,6007197784,25000
Jeanna,Maryan,jmaryanoj@shop-pro.jp,3383953863,25000
Christiano,Cumber,ccumberok@nps.gov,4306522610,45000
Dawna,Ricard,dricardol@fema.gov,3155460969,35000
Bartholomeo,Frankes,bfrankesom@dailymotion.com,4209886572,75000
Jelene,Ricardot,jricardoton@xing.com,6596447026,35000
Anthea,Vian,avianoo@engadget.com,8741027829,50000
Carol-jean,MacKellar,cmackellarop@gnu.org,3312274504,55000
Mason,Cushion,mcushionoq@prlog.org,9766497303,45000
Nanice,Chrisp,nchrispor@tinypic.com,6202635946,45000
Aridatha,Leadstone,aleadstoneos@vimeo.com,1941679973,55000
Shellysheldon,Kerwick,skerwickot@yahoo.co.jp,4375070762,35000
Gery,Oxnam,goxnamou@ycombinator.com,5441187841,50000
Lily,Bendig,lbendigov@webmd.com,8006644480,75000
Kayle,Flanders,kflandersow@cloudflare.com,4858955193,35000
Mary,Sim,msimox@illinois.edu,5387567337,75000
Niel,Kairns,nkairnsoy@nymag.com,7951564725,75000
Garner,Child,gchildoz@mit.edu,2441036529,25000
Kara,Cawse,kcawsep0@nationalgeographic.com,9585555671,75000
Dennie,Mathou,dmathoup1@list-manage.com,6982502326,25000
Fania,Hylden,fhyldenp2@usnews.com,6988640475,75000
Nealon,Hagergham,nhagerghamp3@howstuffworks.com,8488344000,50000
Tad,Whilde,twhildep4@umn.edu,5514543104,55000
Beverley,Parysiak,bparysiakp5@meetup.com,7214444631,45000
Ethe,Storie,estoriep6@marketwatch.com,7127681451,50000
Maitilde,Waterstone,mwaterstonep7@twitter.com,5796557907,50000
Caron,Heintsch,cheintschp8@altervista.org,6652922576,75000
Quill,Wilford,qwilfordp9@webnode.com,9122766496,55000
Anett,Baldi,abaldipa@google.de,4746097197,35000
Nerte,Hawkey,nhawkeypb@craigslist.org,1783854045,35000
Haslett,Woodsford,hwoodsfordpc@columbia.edu,3915014896,35000
Di,Verrechia,dverrechiapd@earthlink.net,4855315260,55000
Cecelia,Lober,cloberpe@aboutads.info,6579827056,75000
Gertrudis,Pow,gpowpf@geocities.jp,7235683279,25000
Logan,Hammill,lhammillpg@statcounter.com,8569943158,25000
Viola,Mendenhall,vmendenhallph@unblog.fr,2568029740,35000
Nonna,Kops,nkopspi@ow.ly,8313771906,75000
Cody,Lindsey,clindseypj@ted.com,2245845678,35000
Saidee,Zealy,szealypk@trellian.com,3401063092,25000
Davidson,Branche,dbranchepl@home.pl,1641024769,25000
Alida,Parsley,aparsleypm@washington.edu,6386780507,75000
Iain,Dummigan,idummiganpn@ustream.tv,7347627657,25000
Trula,Melbert,tmelbertpo@reference.com,2522718664,35000
Denny,Van Hault,dvanhaultpp@samsung.com,2038930328,50000
Kalvin,Ousby,kousbypq@webs.com,9008261146,25000
Waring,Joyes,wjoyespr@businessweek.com,1503023419,75000
Edee,Jovasevic,ejovasevicps@seattletimes.com,2938488222,35000
Marlane,Valentin,mvalentinpt@mozilla.com,1712350932,25000
Dorthy,Elldred,delldredpu@jimdo.com,6166610704,35000
Ainslee,Brooksbie,abrooksbiepv@hhs.gov,8302919427,75000
Westbrooke,Trayhorn,wtrayhornpw@bluehost.com,5336719382,55000
Hadleigh,Beadman,hbeadmanpx@issuu.com,6971224560,25000
Marlin,Loxston,mloxstonpy@epa.gov,2865983606,35000
Natividad,Wethey,nwetheypz@yahoo.co.jp,7588065809,35000
Bernette,Bottoms,bbottomsq0@facebook.com,9226576203,35000
Corry,Fintoph,cfintophq1@ucsd.edu,2586429978,55000
Cassandre,Ricard,cricardq2@nhs.uk,9845983414,55000
Stormie,Dybald,sdybaldq3@rambler.ru,5098411760,75000
Deedee,M'Quharge,dmquhargeq4@hc360.com,6123624848,55000
Micheil,Yoseloff,myoseloffq5@zimbio.com,7827824335,75000
Rawley,Meighan,rmeighanq6@sphinn.com,5537149372,45000
Paola,Aisthorpe,paisthorpeq7@aboutads.info,1602527683,75000
Sergei,Dudin,sdudinq8@msn.com,6616881809,55000
Penelopa,Coffey,pcoffeyq9@gmpg.org,9934786297,25000
Florri,Pescott,fpescottqa@un.org,9086147597,45000
Ailee,Landa,alandaqb@japanpost.jp,6477547234,75000
Casi,Wartnaby,cwartnabyqc@jugem.jp,9349729742,35000
Jan,Gerardeaux,jgerardeauxqd@delicious.com,5395546649,55000
Neils,Scholte,nscholteqe@google.de,8693522611,50000
Jarrad,Dewing,jdewingqf@tripadvisor.com,7353584478,45000
Cathrine,Tidmas,ctidmasqg@jigsy.com,7104036623,50000
Stinky,Guichard,sguichardqh@pcworld.com,7459632157,75000
Daffi,Bartholomew,dbartholomewqi@oaic.gov.au,5663896710,50000
Clotilda,Paddy,cpaddyqj@wunderground.com,2902629876,50000
Roseann,Atthowe,ratthoweqk@discuz.net,7885468406,55000
Konstantine,Gurton,kgurtonql@google.ca,7265636811,45000
Melosa,de Mullett,mdemullettqm@ucoz.com,4754544565,55000
Emmye,Dome,edomeqn@xrea.com,6931781662,55000
Anita,Novakovic,anovakovicqo@nymag.com,5609686378,45000
Drusilla,Burnsyde,dburnsydeqp@wordpress.org,6538606976,35000
Devonna,Fryett,dfryettqq@exblog.jp,1408546137,50000
Paige,Goldwater,pgoldwaterqr@thetimes.co.uk,7813862545,35000
Louella,Whistlecroft,lwhistlecroftqs@timesonline.co.uk,2403828072,75000
Cassy,Angless,canglessqt@berkeley.edu,8842996072,25000
Ursula,Elderbrant,uelderbrantqu@phpbb.com,7273987513,55000
Chantalle,Lightwing,clightwingqv@issuu.com,9429573248,35000
Robert,Vlasyuk,rvlasyukqw@theguardian.com,9657969471,55000
Loralee,Gumery,lgumeryqx@va.gov,9715359228,45000
Orly,Devonside,odevonsideqy@ask.com,1182193037,25000
Sada,Sellor,ssellorqz@eventbrite.com,7983471783,35000
Phedra,Albery,palberyr0@shop-pro.jp,8243623187,50000
Cymbre,Grimditch,cgrimditchr1@wired.com,8354205513,55000
Therese,Aujouanet,taujouanetr2@umich.edu,8405751531,55000
Vonni,Sacchetti,vsacchettir3@elegantthemes.com,2686740555,45000
Dorotea,McGairl,dmcgairlr4@de.vu,2819673592,75000
Theda,Josum,tjosumr5@businessinsider.com,6082598787,75000
Jorge,Brounfield,jbrounfieldr6@admin.ch,8223349276,25000
Pepi,McGoon,pmcgoonr7@google.es,8286884925,45000
Jehanna,Rangell,jrangellr8@ca.gov,2392930285,35000
Audre,Ormond,aormondr9@yahoo.com,8453049888,45000
Hinze,Dibden,hdibdenra@pagesperso-orange.fr,8396192296,45000
Pauli,Grigoryev,pgrigoryevrb@hubpages.com,9809395597,25000
Carmine,Moden,cmodenrc@360.cn,2699263828,55000
Peri,Sturley,psturleyrd@bbb.org,8227453339,25000
Vicki,Murray,vmurrayre@youku.com,9319296132,25000
Dolorita,Mcasparan,dmcasparanrf@deviantart.com,1641997587,45000
James,MacMakin,jmacmakinrg@reddit.com,6739904498,45000
Agnola,Ulyet,aulyetrh@spotify.com,8692742785,55000
Olia,Cleare,ocleareri@people.com.cn,7086238443,50000
Tamarra,Duligal,tduligalrj@taobao.com,6566630522,75000
Quill,Nitti,qnittirk@sogou.com,5422710410,75000
Darelle,Shergill,dshergillrl@desdev.cn,7378297185,45000
Phillis,Clurow,pclurowrm@simplemachines.org,1135198535,50000
Cordula,Gee,cgeern@samsung.com,7977199797,45000
Svend,Padwick,spadwickro@hatena.ne.jp,3991243846,35000
Millard,Westmerland,mwestmerlandrp@google.com.hk,1533691382,25000
Jessee,Fludder,jfludderrq@canalblog.com,9491188730,75000
Maximo,Chappell,mchappellrr@wiley.com,9197732908,75000
